{
  "canvas-exporter/release/main.js": 1775914775.9493852,
  "canvas-exporter/src/main.ts": 1775913283.2674422,
  "canvas-exporter/src/obsidian.d.ts": 1775755056.0,
  "canvas-exporter/src/converter.ts": 1775914775.902506,
  "canvas-exporter/src/exporter.ts": 1775755056.0,
  "canvas-exporter/README.md": 1775755056.0
}